{
	"partitions" : [
		{
			"name" : "Top",
			"pins" : [
				{
					"name" : "switch1",
					"strict" : false
				},
				{
					"name" : "switch2",
					"strict" : false
				},
				{
					"name" : "dirA[1]",
					"strict" : false
				},
				{
					"name" : "dirB[0]",
					"strict" : false
				},
				{
					"name" : "sensor1",
					"strict" : false
				},
				{
					"name" : "sensor2",
					"strict" : false
				},
				{
					"name" : "sensor3",
					"strict" : false
				},
				{
					"name" : "sensor4",
					"strict" : false
				},
				{
					"name" : "clock",
					"strict" : false
				},
				{
					"name" : "reset_n",
					"strict" : false
				}
			]
		}
	]
}