{
	"partitions" : [
		{
			"name" : "Top",
			"pins" : [
				{
					"name" : "q_out[0]",
					"strict" : false
				},
				{
					"name" : "q_out[1]",
					"strict" : false
				},
				{
					"name" : "q_out[2]",
					"strict" : false
				},
				{
					"name" : "q_out[3]",
					"strict" : false
				},
				{
					"name" : "q_out[4]",
					"strict" : false
				},
				{
					"name" : "q_out[5]",
					"strict" : false
				},
				{
					"name" : "q_out[6]",
					"strict" : false
				},
				{
					"name" : "q_out[7]",
					"strict" : false
				},
				{
					"name" : "q_out[8]",
					"strict" : false
				},
				{
					"name" : "q_out[9]",
					"strict" : false
				},
				{
					"name" : "q_out[10]",
					"strict" : false
				},
				{
					"name" : "q_out[11]",
					"strict" : false
				},
				{
					"name" : "q_out[12]",
					"strict" : false
				},
				{
					"name" : "q_out[13]",
					"strict" : false
				},
				{
					"name" : "q_out[14]",
					"strict" : false
				},
				{
					"name" : "q_out[15]",
					"strict" : false
				},
				{
					"name" : "q_out[16]",
					"strict" : false
				},
				{
					"name" : "q_out[17]",
					"strict" : false
				},
				{
					"name" : "q_out[18]",
					"strict" : false
				},
				{
					"name" : "q_out[19]",
					"strict" : false
				},
				{
					"name" : "q_out[20]",
					"strict" : false
				},
				{
					"name" : "q_out[21]",
					"strict" : false
				},
				{
					"name" : "q_out[22]",
					"strict" : false
				},
				{
					"name" : "q_out[23]",
					"strict" : false
				},
				{
					"name" : "q_out[24]",
					"strict" : false
				},
				{
					"name" : "q_out[25]",
					"strict" : false
				},
				{
					"name" : "q_out[26]",
					"strict" : false
				},
				{
					"name" : "q_out[27]",
					"strict" : false
				},
				{
					"name" : "q_out[28]",
					"strict" : false
				},
				{
					"name" : "q_out[29]",
					"strict" : false
				},
				{
					"name" : "q_out[30]",
					"strict" : false
				},
				{
					"name" : "q_out[31]",
					"strict" : false
				},
				{
					"name" : "q_out[32]",
					"strict" : false
				},
				{
					"name" : "q_out[33]",
					"strict" : false
				},
				{
					"name" : "q_out[34]",
					"strict" : false
				},
				{
					"name" : "q_out[35]",
					"strict" : false
				},
				{
					"name" : "q_out[36]",
					"strict" : false
				},
				{
					"name" : "q_out[37]",
					"strict" : false
				},
				{
					"name" : "q_out[38]",
					"strict" : false
				},
				{
					"name" : "q_out[39]",
					"strict" : false
				},
				{
					"name" : "q_out[40]",
					"strict" : false
				},
				{
					"name" : "q_out[41]",
					"strict" : false
				},
				{
					"name" : "q_out[42]",
					"strict" : false
				},
				{
					"name" : "q_out[43]",
					"strict" : false
				},
				{
					"name" : "q_out[44]",
					"strict" : false
				},
				{
					"name" : "q_out[45]",
					"strict" : false
				},
				{
					"name" : "q_out[46]",
					"strict" : false
				},
				{
					"name" : "q_out[47]",
					"strict" : false
				},
				{
					"name" : "q_out[48]",
					"strict" : false
				},
				{
					"name" : "q_out[49]",
					"strict" : false
				},
				{
					"name" : "q_out[50]",
					"strict" : false
				},
				{
					"name" : "q_out[51]",
					"strict" : false
				},
				{
					"name" : "q_out[52]",
					"strict" : false
				},
				{
					"name" : "q_out[53]",
					"strict" : false
				},
				{
					"name" : "q_out[54]",
					"strict" : false
				},
				{
					"name" : "q_out[55]",
					"strict" : false
				},
				{
					"name" : "q_out[56]",
					"strict" : false
				},
				{
					"name" : "q_out[57]",
					"strict" : false
				},
				{
					"name" : "q_out[58]",
					"strict" : false
				},
				{
					"name" : "q_out[59]",
					"strict" : false
				},
				{
					"name" : "q_out[60]",
					"strict" : false
				},
				{
					"name" : "q_out[61]",
					"strict" : false
				},
				{
					"name" : "q_out[62]",
					"strict" : false
				},
				{
					"name" : "q_out[63]",
					"strict" : false
				},
				{
					"name" : "q_out[64]",
					"strict" : false
				},
				{
					"name" : "q_out[65]",
					"strict" : false
				},
				{
					"name" : "q_out[66]",
					"strict" : false
				},
				{
					"name" : "q_out[67]",
					"strict" : false
				},
				{
					"name" : "q_out[68]",
					"strict" : false
				},
				{
					"name" : "q_out[69]",
					"strict" : false
				},
				{
					"name" : "q_out[70]",
					"strict" : false
				},
				{
					"name" : "q_out[71]",
					"strict" : false
				},
				{
					"name" : "q_out[72]",
					"strict" : false
				},
				{
					"name" : "q_out[73]",
					"strict" : false
				},
				{
					"name" : "q_out[74]",
					"strict" : false
				},
				{
					"name" : "q_out[75]",
					"strict" : false
				},
				{
					"name" : "q_out[76]",
					"strict" : false
				},
				{
					"name" : "q_out[77]",
					"strict" : false
				},
				{
					"name" : "q_out[78]",
					"strict" : false
				},
				{
					"name" : "q_out[79]",
					"strict" : false
				},
				{
					"name" : "q_out[80]",
					"strict" : false
				},
				{
					"name" : "q_out[81]",
					"strict" : false
				},
				{
					"name" : "q_out[82]",
					"strict" : false
				},
				{
					"name" : "q_out[83]",
					"strict" : false
				},
				{
					"name" : "q_out[84]",
					"strict" : false
				},
				{
					"name" : "q_out[85]",
					"strict" : false
				},
				{
					"name" : "q_out[86]",
					"strict" : false
				},
				{
					"name" : "q_out[87]",
					"strict" : false
				},
				{
					"name" : "q_out[88]",
					"strict" : false
				},
				{
					"name" : "q_out[89]",
					"strict" : false
				},
				{
					"name" : "q_out[90]",
					"strict" : false
				},
				{
					"name" : "q_out[91]",
					"strict" : false
				},
				{
					"name" : "q_out[92]",
					"strict" : false
				},
				{
					"name" : "q_out[93]",
					"strict" : false
				},
				{
					"name" : "q_out[94]",
					"strict" : false
				},
				{
					"name" : "q_out[95]",
					"strict" : false
				},
				{
					"name" : "q_out[96]",
					"strict" : false
				},
				{
					"name" : "q_out[97]",
					"strict" : false
				},
				{
					"name" : "q_out[98]",
					"strict" : false
				},
				{
					"name" : "q_out[99]",
					"strict" : false
				},
				{
					"name" : "q_out[100]",
					"strict" : false
				},
				{
					"name" : "q_out[101]",
					"strict" : false
				},
				{
					"name" : "q_out[102]",
					"strict" : false
				},
				{
					"name" : "q_out[103]",
					"strict" : false
				},
				{
					"name" : "q_out[104]",
					"strict" : false
				},
				{
					"name" : "q_out[105]",
					"strict" : false
				},
				{
					"name" : "q_out[106]",
					"strict" : false
				},
				{
					"name" : "q_out[107]",
					"strict" : false
				},
				{
					"name" : "q_out[108]",
					"strict" : false
				},
				{
					"name" : "q_out[109]",
					"strict" : false
				},
				{
					"name" : "q_out[110]",
					"strict" : false
				},
				{
					"name" : "q_out[111]",
					"strict" : false
				},
				{
					"name" : "q_out[112]",
					"strict" : false
				},
				{
					"name" : "q_out[113]",
					"strict" : false
				},
				{
					"name" : "q_out[114]",
					"strict" : false
				},
				{
					"name" : "q_out[115]",
					"strict" : false
				},
				{
					"name" : "q_out[116]",
					"strict" : false
				},
				{
					"name" : "q_out[117]",
					"strict" : false
				},
				{
					"name" : "q_out[118]",
					"strict" : false
				},
				{
					"name" : "q_out[119]",
					"strict" : false
				},
				{
					"name" : "q_out[120]",
					"strict" : false
				},
				{
					"name" : "q_out[121]",
					"strict" : false
				},
				{
					"name" : "q_out[122]",
					"strict" : false
				},
				{
					"name" : "q_out[123]",
					"strict" : false
				},
				{
					"name" : "q_out[124]",
					"strict" : false
				},
				{
					"name" : "q_out[125]",
					"strict" : false
				},
				{
					"name" : "q_out[126]",
					"strict" : false
				},
				{
					"name" : "q_out[127]",
					"strict" : false
				},
				{
					"name" : "clk",
					"strict" : false
				},
				{
					"name" : "data1[0]",
					"strict" : false
				},
				{
					"name" : "waddr[0]",
					"strict" : false
				},
				{
					"name" : "waddr[1]",
					"strict" : false
				},
				{
					"name" : "waddr[2]",
					"strict" : false
				},
				{
					"name" : "waddr[3]",
					"strict" : false
				},
				{
					"name" : "waddr[4]",
					"strict" : false
				},
				{
					"name" : "data1[1]",
					"strict" : false
				},
				{
					"name" : "data1[2]",
					"strict" : false
				},
				{
					"name" : "data1[3]",
					"strict" : false
				},
				{
					"name" : "data1[4]",
					"strict" : false
				},
				{
					"name" : "data1[5]",
					"strict" : false
				},
				{
					"name" : "data1[6]",
					"strict" : false
				},
				{
					"name" : "data1[7]",
					"strict" : false
				},
				{
					"name" : "data1[8]",
					"strict" : false
				},
				{
					"name" : "data1[9]",
					"strict" : false
				},
				{
					"name" : "data1[10]",
					"strict" : false
				},
				{
					"name" : "data1[11]",
					"strict" : false
				},
				{
					"name" : "data1[12]",
					"strict" : false
				},
				{
					"name" : "data1[13]",
					"strict" : false
				},
				{
					"name" : "data1[14]",
					"strict" : false
				},
				{
					"name" : "data1[15]",
					"strict" : false
				},
				{
					"name" : "data1[16]",
					"strict" : false
				},
				{
					"name" : "data1[17]",
					"strict" : false
				},
				{
					"name" : "data1[18]",
					"strict" : false
				},
				{
					"name" : "data1[19]",
					"strict" : false
				},
				{
					"name" : "data1[20]",
					"strict" : false
				},
				{
					"name" : "data1[21]",
					"strict" : false
				},
				{
					"name" : "data1[22]",
					"strict" : false
				},
				{
					"name" : "data1[23]",
					"strict" : false
				},
				{
					"name" : "data1[24]",
					"strict" : false
				},
				{
					"name" : "data1[25]",
					"strict" : false
				},
				{
					"name" : "data1[26]",
					"strict" : false
				},
				{
					"name" : "data1[27]",
					"strict" : false
				},
				{
					"name" : "data1[28]",
					"strict" : false
				},
				{
					"name" : "data1[29]",
					"strict" : false
				},
				{
					"name" : "data1[30]",
					"strict" : false
				},
				{
					"name" : "data1[31]",
					"strict" : false
				},
				{
					"name" : "data1[32]",
					"strict" : false
				},
				{
					"name" : "data1[33]",
					"strict" : false
				},
				{
					"name" : "data1[34]",
					"strict" : false
				},
				{
					"name" : "data1[35]",
					"strict" : false
				},
				{
					"name" : "data1[36]",
					"strict" : false
				},
				{
					"name" : "data1[37]",
					"strict" : false
				},
				{
					"name" : "data1[38]",
					"strict" : false
				},
				{
					"name" : "data1[39]",
					"strict" : false
				},
				{
					"name" : "data1[40]",
					"strict" : false
				},
				{
					"name" : "data1[41]",
					"strict" : false
				},
				{
					"name" : "data1[42]",
					"strict" : false
				},
				{
					"name" : "data1[43]",
					"strict" : false
				},
				{
					"name" : "data1[44]",
					"strict" : false
				},
				{
					"name" : "data1[45]",
					"strict" : false
				},
				{
					"name" : "data1[46]",
					"strict" : false
				},
				{
					"name" : "data1[47]",
					"strict" : false
				},
				{
					"name" : "data1[48]",
					"strict" : false
				},
				{
					"name" : "data1[49]",
					"strict" : false
				},
				{
					"name" : "data1[50]",
					"strict" : false
				},
				{
					"name" : "data1[51]",
					"strict" : false
				},
				{
					"name" : "data1[52]",
					"strict" : false
				},
				{
					"name" : "data1[53]",
					"strict" : false
				},
				{
					"name" : "data1[54]",
					"strict" : false
				},
				{
					"name" : "data1[55]",
					"strict" : false
				},
				{
					"name" : "data1[56]",
					"strict" : false
				},
				{
					"name" : "data1[57]",
					"strict" : false
				},
				{
					"name" : "data1[58]",
					"strict" : false
				},
				{
					"name" : "data1[59]",
					"strict" : false
				},
				{
					"name" : "data1[60]",
					"strict" : false
				},
				{
					"name" : "data1[61]",
					"strict" : false
				},
				{
					"name" : "data1[62]",
					"strict" : false
				},
				{
					"name" : "data1[63]",
					"strict" : false
				},
				{
					"name" : "data1[64]",
					"strict" : false
				},
				{
					"name" : "data1[65]",
					"strict" : false
				},
				{
					"name" : "data1[66]",
					"strict" : false
				},
				{
					"name" : "data1[67]",
					"strict" : false
				},
				{
					"name" : "data1[68]",
					"strict" : false
				},
				{
					"name" : "data1[69]",
					"strict" : false
				},
				{
					"name" : "data1[70]",
					"strict" : false
				},
				{
					"name" : "data1[71]",
					"strict" : false
				},
				{
					"name" : "data1[72]",
					"strict" : false
				},
				{
					"name" : "data1[73]",
					"strict" : false
				},
				{
					"name" : "data1[74]",
					"strict" : false
				},
				{
					"name" : "data1[75]",
					"strict" : false
				},
				{
					"name" : "data1[76]",
					"strict" : false
				},
				{
					"name" : "data1[77]",
					"strict" : false
				},
				{
					"name" : "data1[78]",
					"strict" : false
				},
				{
					"name" : "data1[79]",
					"strict" : false
				},
				{
					"name" : "data1[80]",
					"strict" : false
				},
				{
					"name" : "data1[81]",
					"strict" : false
				},
				{
					"name" : "data1[82]",
					"strict" : false
				},
				{
					"name" : "data1[83]",
					"strict" : false
				},
				{
					"name" : "data1[84]",
					"strict" : false
				},
				{
					"name" : "data1[85]",
					"strict" : false
				},
				{
					"name" : "data1[86]",
					"strict" : false
				},
				{
					"name" : "data1[87]",
					"strict" : false
				},
				{
					"name" : "data1[88]",
					"strict" : false
				},
				{
					"name" : "data1[89]",
					"strict" : false
				},
				{
					"name" : "data1[90]",
					"strict" : false
				},
				{
					"name" : "data1[91]",
					"strict" : false
				},
				{
					"name" : "data1[92]",
					"strict" : false
				},
				{
					"name" : "data1[93]",
					"strict" : false
				},
				{
					"name" : "data1[94]",
					"strict" : false
				},
				{
					"name" : "data1[95]",
					"strict" : false
				},
				{
					"name" : "data1[96]",
					"strict" : false
				},
				{
					"name" : "data1[97]",
					"strict" : false
				},
				{
					"name" : "data1[98]",
					"strict" : false
				},
				{
					"name" : "data1[99]",
					"strict" : false
				},
				{
					"name" : "data1[100]",
					"strict" : false
				},
				{
					"name" : "data1[101]",
					"strict" : false
				},
				{
					"name" : "data1[102]",
					"strict" : false
				},
				{
					"name" : "data1[103]",
					"strict" : false
				},
				{
					"name" : "data1[104]",
					"strict" : false
				},
				{
					"name" : "data1[105]",
					"strict" : false
				},
				{
					"name" : "data1[106]",
					"strict" : false
				},
				{
					"name" : "data1[107]",
					"strict" : false
				},
				{
					"name" : "data1[108]",
					"strict" : false
				},
				{
					"name" : "data1[109]",
					"strict" : false
				},
				{
					"name" : "data1[110]",
					"strict" : false
				},
				{
					"name" : "data1[111]",
					"strict" : false
				},
				{
					"name" : "data1[112]",
					"strict" : false
				},
				{
					"name" : "data1[113]",
					"strict" : false
				},
				{
					"name" : "data1[114]",
					"strict" : false
				},
				{
					"name" : "data1[115]",
					"strict" : false
				},
				{
					"name" : "data1[116]",
					"strict" : false
				},
				{
					"name" : "data1[117]",
					"strict" : false
				},
				{
					"name" : "data1[118]",
					"strict" : false
				},
				{
					"name" : "data1[119]",
					"strict" : false
				},
				{
					"name" : "data1[120]",
					"strict" : false
				},
				{
					"name" : "data1[121]",
					"strict" : false
				},
				{
					"name" : "data1[122]",
					"strict" : false
				},
				{
					"name" : "data1[123]",
					"strict" : false
				},
				{
					"name" : "data1[124]",
					"strict" : false
				},
				{
					"name" : "data1[125]",
					"strict" : false
				},
				{
					"name" : "data1[126]",
					"strict" : false
				},
				{
					"name" : "data1[127]",
					"strict" : false
				}
			]
		}
	]
}