{
	"partitions" : [
		{
			"name" : "Top",
			"pins" : [
				{
					"name" : "DataOut[0]",
					"strict" : false
				},
				{
					"name" : "DataOut[1]",
					"strict" : false
				},
				{
					"name" : "DataOut[2]",
					"strict" : false
				},
				{
					"name" : "DataOut[3]",
					"strict" : false
				},
				{
					"name" : "DataOut[4]",
					"strict" : false
				},
				{
					"name" : "DataOut[5]",
					"strict" : false
				},
				{
					"name" : "DataOut[6]",
					"strict" : false
				},
				{
					"name" : "DataOut[7]",
					"strict" : false
				},
				{
					"name" : "wden",
					"strict" : false
				},
				{
					"name" : "clk",
					"strict" : false
				},
				{
					"name" : "DataIn[0]",
					"strict" : false
				},
				{
					"name" : "rden",
					"strict" : false
				},
				{
					"name" : "DataIn[1]",
					"strict" : false
				},
				{
					"name" : "DataIn[2]",
					"strict" : false
				},
				{
					"name" : "DataIn[3]",
					"strict" : false
				},
				{
					"name" : "DataIn[4]",
					"strict" : false
				},
				{
					"name" : "DataIn[5]",
					"strict" : false
				},
				{
					"name" : "DataIn[6]",
					"strict" : false
				},
				{
					"name" : "DataIn[7]",
					"strict" : false
				},
				{
					"name" : "wrinc",
					"strict" : false
				},
				{
					"name" : "WrPtrClr",
					"strict" : false
				},
				{
					"name" : "rdinc",
					"strict" : false
				},
				{
					"name" : "RdPtrClr",
					"strict" : false
				}
			]
		}
	]
}