{
	"partitions" : [
		{
			"name" : "Top",
			"pins" : [
				{
					"name" : "q[0]",
					"strict" : false
				},
				{
					"name" : "q[1]",
					"strict" : false
				},
				{
					"name" : "q[2]",
					"strict" : false
				},
				{
					"name" : "q[3]",
					"strict" : false
				},
				{
					"name" : "q[4]",
					"strict" : false
				},
				{
					"name" : "q[5]",
					"strict" : false
				},
				{
					"name" : "q[6]",
					"strict" : false
				},
				{
					"name" : "q[7]",
					"strict" : false
				},
				{
					"name" : "q[8]",
					"strict" : false
				},
				{
					"name" : "q[9]",
					"strict" : false
				},
				{
					"name" : "q[10]",
					"strict" : false
				},
				{
					"name" : "q[11]",
					"strict" : false
				},
				{
					"name" : "q[12]",
					"strict" : false
				},
				{
					"name" : "q[13]",
					"strict" : false
				},
				{
					"name" : "q[14]",
					"strict" : false
				},
				{
					"name" : "q[15]",
					"strict" : false
				},
				{
					"name" : "q[16]",
					"strict" : false
				},
				{
					"name" : "q[17]",
					"strict" : false
				},
				{
					"name" : "q[18]",
					"strict" : false
				},
				{
					"name" : "q[19]",
					"strict" : false
				},
				{
					"name" : "q[20]",
					"strict" : false
				},
				{
					"name" : "q[21]",
					"strict" : false
				},
				{
					"name" : "q[22]",
					"strict" : false
				},
				{
					"name" : "q[23]",
					"strict" : false
				},
				{
					"name" : "q[24]",
					"strict" : false
				},
				{
					"name" : "q[25]",
					"strict" : false
				},
				{
					"name" : "q[26]",
					"strict" : false
				},
				{
					"name" : "q[27]",
					"strict" : false
				},
				{
					"name" : "q[28]",
					"strict" : false
				},
				{
					"name" : "q[29]",
					"strict" : false
				},
				{
					"name" : "q[30]",
					"strict" : false
				},
				{
					"name" : "q[31]",
					"strict" : false
				},
				{
					"name" : "q[32]",
					"strict" : false
				},
				{
					"name" : "q[33]",
					"strict" : false
				},
				{
					"name" : "q[34]",
					"strict" : false
				},
				{
					"name" : "q[35]",
					"strict" : false
				},
				{
					"name" : "q[36]",
					"strict" : false
				},
				{
					"name" : "q[37]",
					"strict" : false
				},
				{
					"name" : "q[38]",
					"strict" : false
				},
				{
					"name" : "q[39]",
					"strict" : false
				},
				{
					"name" : "q[40]",
					"strict" : false
				},
				{
					"name" : "q[41]",
					"strict" : false
				},
				{
					"name" : "q[42]",
					"strict" : false
				},
				{
					"name" : "q[43]",
					"strict" : false
				},
				{
					"name" : "q[44]",
					"strict" : false
				},
				{
					"name" : "q[45]",
					"strict" : false
				},
				{
					"name" : "q[46]",
					"strict" : false
				},
				{
					"name" : "q[47]",
					"strict" : false
				},
				{
					"name" : "q[48]",
					"strict" : false
				},
				{
					"name" : "q[49]",
					"strict" : false
				},
				{
					"name" : "q[50]",
					"strict" : false
				},
				{
					"name" : "q[51]",
					"strict" : false
				},
				{
					"name" : "q[52]",
					"strict" : false
				},
				{
					"name" : "q[53]",
					"strict" : false
				},
				{
					"name" : "q[54]",
					"strict" : false
				},
				{
					"name" : "q[55]",
					"strict" : false
				},
				{
					"name" : "q[56]",
					"strict" : false
				},
				{
					"name" : "q[57]",
					"strict" : false
				},
				{
					"name" : "q[58]",
					"strict" : false
				},
				{
					"name" : "q[59]",
					"strict" : false
				},
				{
					"name" : "q[60]",
					"strict" : false
				},
				{
					"name" : "q[61]",
					"strict" : false
				},
				{
					"name" : "q[62]",
					"strict" : false
				},
				{
					"name" : "q[63]",
					"strict" : false
				},
				{
					"name" : "q[64]",
					"strict" : false
				},
				{
					"name" : "q[65]",
					"strict" : false
				},
				{
					"name" : "q[66]",
					"strict" : false
				},
				{
					"name" : "q[67]",
					"strict" : false
				},
				{
					"name" : "q[68]",
					"strict" : false
				},
				{
					"name" : "q[69]",
					"strict" : false
				},
				{
					"name" : "q[70]",
					"strict" : false
				},
				{
					"name" : "q[71]",
					"strict" : false
				},
				{
					"name" : "q[72]",
					"strict" : false
				},
				{
					"name" : "q[73]",
					"strict" : false
				},
				{
					"name" : "q[74]",
					"strict" : false
				},
				{
					"name" : "q[75]",
					"strict" : false
				},
				{
					"name" : "q[76]",
					"strict" : false
				},
				{
					"name" : "q[77]",
					"strict" : false
				},
				{
					"name" : "q[78]",
					"strict" : false
				},
				{
					"name" : "q[79]",
					"strict" : false
				},
				{
					"name" : "q[80]",
					"strict" : false
				},
				{
					"name" : "q[81]",
					"strict" : false
				},
				{
					"name" : "q[82]",
					"strict" : false
				},
				{
					"name" : "q[83]",
					"strict" : false
				},
				{
					"name" : "q[84]",
					"strict" : false
				},
				{
					"name" : "q[85]",
					"strict" : false
				},
				{
					"name" : "q[86]",
					"strict" : false
				},
				{
					"name" : "q[87]",
					"strict" : false
				},
				{
					"name" : "q[88]",
					"strict" : false
				},
				{
					"name" : "q[89]",
					"strict" : false
				},
				{
					"name" : "q[90]",
					"strict" : false
				},
				{
					"name" : "q[91]",
					"strict" : false
				},
				{
					"name" : "q[92]",
					"strict" : false
				},
				{
					"name" : "q[93]",
					"strict" : false
				},
				{
					"name" : "q[94]",
					"strict" : false
				},
				{
					"name" : "q[95]",
					"strict" : false
				},
				{
					"name" : "q[96]",
					"strict" : false
				},
				{
					"name" : "q[97]",
					"strict" : false
				},
				{
					"name" : "q[98]",
					"strict" : false
				},
				{
					"name" : "q[99]",
					"strict" : false
				},
				{
					"name" : "q[100]",
					"strict" : false
				},
				{
					"name" : "q[101]",
					"strict" : false
				},
				{
					"name" : "q[102]",
					"strict" : false
				},
				{
					"name" : "q[103]",
					"strict" : false
				},
				{
					"name" : "q[104]",
					"strict" : false
				},
				{
					"name" : "q[105]",
					"strict" : false
				},
				{
					"name" : "q[106]",
					"strict" : false
				},
				{
					"name" : "q[107]",
					"strict" : false
				},
				{
					"name" : "q[108]",
					"strict" : false
				},
				{
					"name" : "q[109]",
					"strict" : false
				},
				{
					"name" : "q[110]",
					"strict" : false
				},
				{
					"name" : "q[111]",
					"strict" : false
				},
				{
					"name" : "q[112]",
					"strict" : false
				},
				{
					"name" : "q[113]",
					"strict" : false
				},
				{
					"name" : "q[114]",
					"strict" : false
				},
				{
					"name" : "q[115]",
					"strict" : false
				},
				{
					"name" : "q[116]",
					"strict" : false
				},
				{
					"name" : "q[117]",
					"strict" : false
				},
				{
					"name" : "q[118]",
					"strict" : false
				},
				{
					"name" : "q[119]",
					"strict" : false
				},
				{
					"name" : "q[120]",
					"strict" : false
				},
				{
					"name" : "q[121]",
					"strict" : false
				},
				{
					"name" : "q[122]",
					"strict" : false
				},
				{
					"name" : "q[123]",
					"strict" : false
				},
				{
					"name" : "q[124]",
					"strict" : false
				},
				{
					"name" : "q[125]",
					"strict" : false
				},
				{
					"name" : "q[126]",
					"strict" : false
				},
				{
					"name" : "q[127]",
					"strict" : false
				},
				{
					"name" : "wren",
					"strict" : false
				},
				{
					"name" : "clock",
					"strict" : false
				},
				{
					"name" : "data[0]",
					"strict" : false
				},
				{
					"name" : "address[0]",
					"strict" : false
				},
				{
					"name" : "address[1]",
					"strict" : false
				},
				{
					"name" : "address[2]",
					"strict" : false
				},
				{
					"name" : "address[3]",
					"strict" : false
				},
				{
					"name" : "address[4]",
					"strict" : false
				},
				{
					"name" : "data[1]",
					"strict" : false
				},
				{
					"name" : "data[2]",
					"strict" : false
				},
				{
					"name" : "data[3]",
					"strict" : false
				},
				{
					"name" : "data[4]",
					"strict" : false
				},
				{
					"name" : "data[5]",
					"strict" : false
				},
				{
					"name" : "data[6]",
					"strict" : false
				},
				{
					"name" : "data[7]",
					"strict" : false
				},
				{
					"name" : "data[8]",
					"strict" : false
				},
				{
					"name" : "data[9]",
					"strict" : false
				},
				{
					"name" : "data[10]",
					"strict" : false
				},
				{
					"name" : "data[11]",
					"strict" : false
				},
				{
					"name" : "data[12]",
					"strict" : false
				},
				{
					"name" : "data[13]",
					"strict" : false
				},
				{
					"name" : "data[14]",
					"strict" : false
				},
				{
					"name" : "data[15]",
					"strict" : false
				},
				{
					"name" : "data[16]",
					"strict" : false
				},
				{
					"name" : "data[17]",
					"strict" : false
				},
				{
					"name" : "data[18]",
					"strict" : false
				},
				{
					"name" : "data[19]",
					"strict" : false
				},
				{
					"name" : "data[20]",
					"strict" : false
				},
				{
					"name" : "data[21]",
					"strict" : false
				},
				{
					"name" : "data[22]",
					"strict" : false
				},
				{
					"name" : "data[23]",
					"strict" : false
				},
				{
					"name" : "data[24]",
					"strict" : false
				},
				{
					"name" : "data[25]",
					"strict" : false
				},
				{
					"name" : "data[26]",
					"strict" : false
				},
				{
					"name" : "data[27]",
					"strict" : false
				},
				{
					"name" : "data[28]",
					"strict" : false
				},
				{
					"name" : "data[29]",
					"strict" : false
				},
				{
					"name" : "data[30]",
					"strict" : false
				},
				{
					"name" : "data[31]",
					"strict" : false
				},
				{
					"name" : "data[32]",
					"strict" : false
				},
				{
					"name" : "data[33]",
					"strict" : false
				},
				{
					"name" : "data[34]",
					"strict" : false
				},
				{
					"name" : "data[35]",
					"strict" : false
				},
				{
					"name" : "data[36]",
					"strict" : false
				},
				{
					"name" : "data[37]",
					"strict" : false
				},
				{
					"name" : "data[38]",
					"strict" : false
				},
				{
					"name" : "data[39]",
					"strict" : false
				},
				{
					"name" : "data[40]",
					"strict" : false
				},
				{
					"name" : "data[41]",
					"strict" : false
				},
				{
					"name" : "data[42]",
					"strict" : false
				},
				{
					"name" : "data[43]",
					"strict" : false
				},
				{
					"name" : "data[44]",
					"strict" : false
				},
				{
					"name" : "data[45]",
					"strict" : false
				},
				{
					"name" : "data[46]",
					"strict" : false
				},
				{
					"name" : "data[47]",
					"strict" : false
				},
				{
					"name" : "data[48]",
					"strict" : false
				},
				{
					"name" : "data[49]",
					"strict" : false
				},
				{
					"name" : "data[50]",
					"strict" : false
				},
				{
					"name" : "data[51]",
					"strict" : false
				},
				{
					"name" : "data[52]",
					"strict" : false
				},
				{
					"name" : "data[53]",
					"strict" : false
				},
				{
					"name" : "data[54]",
					"strict" : false
				},
				{
					"name" : "data[55]",
					"strict" : false
				},
				{
					"name" : "data[56]",
					"strict" : false
				},
				{
					"name" : "data[57]",
					"strict" : false
				},
				{
					"name" : "data[58]",
					"strict" : false
				},
				{
					"name" : "data[59]",
					"strict" : false
				},
				{
					"name" : "data[60]",
					"strict" : false
				},
				{
					"name" : "data[61]",
					"strict" : false
				},
				{
					"name" : "data[62]",
					"strict" : false
				},
				{
					"name" : "data[63]",
					"strict" : false
				},
				{
					"name" : "data[64]",
					"strict" : false
				},
				{
					"name" : "data[65]",
					"strict" : false
				},
				{
					"name" : "data[66]",
					"strict" : false
				},
				{
					"name" : "data[67]",
					"strict" : false
				},
				{
					"name" : "data[68]",
					"strict" : false
				},
				{
					"name" : "data[69]",
					"strict" : false
				},
				{
					"name" : "data[70]",
					"strict" : false
				},
				{
					"name" : "data[71]",
					"strict" : false
				},
				{
					"name" : "data[72]",
					"strict" : false
				},
				{
					"name" : "data[73]",
					"strict" : false
				},
				{
					"name" : "data[74]",
					"strict" : false
				},
				{
					"name" : "data[75]",
					"strict" : false
				},
				{
					"name" : "data[76]",
					"strict" : false
				},
				{
					"name" : "data[77]",
					"strict" : false
				},
				{
					"name" : "data[78]",
					"strict" : false
				},
				{
					"name" : "data[79]",
					"strict" : false
				},
				{
					"name" : "data[80]",
					"strict" : false
				},
				{
					"name" : "data[81]",
					"strict" : false
				},
				{
					"name" : "data[82]",
					"strict" : false
				},
				{
					"name" : "data[83]",
					"strict" : false
				},
				{
					"name" : "data[84]",
					"strict" : false
				},
				{
					"name" : "data[85]",
					"strict" : false
				},
				{
					"name" : "data[86]",
					"strict" : false
				},
				{
					"name" : "data[87]",
					"strict" : false
				},
				{
					"name" : "data[88]",
					"strict" : false
				},
				{
					"name" : "data[89]",
					"strict" : false
				},
				{
					"name" : "data[90]",
					"strict" : false
				},
				{
					"name" : "data[91]",
					"strict" : false
				},
				{
					"name" : "data[92]",
					"strict" : false
				},
				{
					"name" : "data[93]",
					"strict" : false
				},
				{
					"name" : "data[94]",
					"strict" : false
				},
				{
					"name" : "data[95]",
					"strict" : false
				},
				{
					"name" : "data[96]",
					"strict" : false
				},
				{
					"name" : "data[97]",
					"strict" : false
				},
				{
					"name" : "data[98]",
					"strict" : false
				},
				{
					"name" : "data[99]",
					"strict" : false
				},
				{
					"name" : "data[100]",
					"strict" : false
				},
				{
					"name" : "data[101]",
					"strict" : false
				},
				{
					"name" : "data[102]",
					"strict" : false
				},
				{
					"name" : "data[103]",
					"strict" : false
				},
				{
					"name" : "data[104]",
					"strict" : false
				},
				{
					"name" : "data[105]",
					"strict" : false
				},
				{
					"name" : "data[106]",
					"strict" : false
				},
				{
					"name" : "data[107]",
					"strict" : false
				},
				{
					"name" : "data[108]",
					"strict" : false
				},
				{
					"name" : "data[109]",
					"strict" : false
				},
				{
					"name" : "data[110]",
					"strict" : false
				},
				{
					"name" : "data[111]",
					"strict" : false
				},
				{
					"name" : "data[112]",
					"strict" : false
				},
				{
					"name" : "data[113]",
					"strict" : false
				},
				{
					"name" : "data[114]",
					"strict" : false
				},
				{
					"name" : "data[115]",
					"strict" : false
				},
				{
					"name" : "data[116]",
					"strict" : false
				},
				{
					"name" : "data[117]",
					"strict" : false
				},
				{
					"name" : "data[118]",
					"strict" : false
				},
				{
					"name" : "data[119]",
					"strict" : false
				},
				{
					"name" : "data[120]",
					"strict" : false
				},
				{
					"name" : "data[121]",
					"strict" : false
				},
				{
					"name" : "data[122]",
					"strict" : false
				},
				{
					"name" : "data[123]",
					"strict" : false
				},
				{
					"name" : "data[124]",
					"strict" : false
				},
				{
					"name" : "data[125]",
					"strict" : false
				},
				{
					"name" : "data[126]",
					"strict" : false
				},
				{
					"name" : "data[127]",
					"strict" : false
				}
			]
		}
	]
}